[{"@type":"connection","id":"@1","name":"FlatFile_Connection","description":"this connection is to create the parameter files in the particular folder","runtimeEnvironmentId":"@7gFGBqpiYzdg4jemsZ3w2C","instanceDisplayName":"CSVFile","dateFormat":"yyyy-MM-dd HH:mm:ss","database":"D:\\DCF\\PARAMETER\\mt_PARAMETERS\\","codepage":"UTF-8","shortDescription":"this connection is to create the parameter files i...","type":"CSVFile","baseType":"CSVFile","port":0,"majorUpdateTime":"2024-06-20T02:25:50.000Z","timeout":60,"connParams":{"agentId":"01CVHB08000000000005","agentGroupId":"01CVHB25000000000007","orgId":"01CVHB"},"internal":false,"federatedId":"e84jIGJjcg5gaWi7qSDkqY","retryNetworkError":false,"supportsCCIMultiGroup":false,"metadataBrowsable":true,"supportLabels":false,"vaultEnabled":false,"vaultEnabledParams":[]}]